timestamp,ofi_best_level,ofi_integrated,ofi_level_1,ofi_level_2,ofi_level_3,ofi_level_4,ofi_level_5,ofi_level_6,ofi_level_7,ofi_level_8,ofi_level_9,ofi_level_10
2024-10-21 11:55:29.221064336+00:00,-733.0,214.58695052396519,-733.0,1536.0,498.0,-103.0,-251.0,780.0,-156.0,-227.0,767.0,698.0
2024-10-21 11:56:29.221064336+00:00,-784.0,870.3241272218694,-784.0,-193.0,3647.0,-559.0,562.0,-64.0,-231.0,872.0,717.0,364.0
2024-10-21 11:57:29.221064336+00:00,560.0,-174.78825846305597,560.0,569.0,-488.0,-511.0,-115.0,655.0,-924.0,405.0,1237.0,-1735.0
2024-10-21 11:58:29.221064336+00:00,566.0,53.73832979846334,566.0,491.0,1346.0,430.0,-1885.0,-371.0,894.0,-1161.0,1361.0,2096.0
2024-10-21 11:59:29.221064336+00:00,357.0,53.242402567590396,357.0,1446.0,802.0,-820.0,-298.0,220.0,-31.0,1138.0,-199.0,2130.0
2024-10-21 12:00:29.221064336+00:00,493.0,275.85051744024776,493.0,1723.0,1145.0,36.0,-1086.0,766.0,923.0,-1318.0,3845.0,-2339.0
2024-10-21 12:01:29.221064336+00:00,500.0,1144.7617766451708,500.0,-440.0,3768.0,261.0,522.0,31.0,156.0,777.0,470.0,143.0
2024-10-21 12:02:29.221064336+00:00,-699.0,473.88818572667833,-699.0,-357.0,-225.0,2261.0,-67.0,-627.0,2155.0,-1967.0,1668.0,-908.0
2024-10-21 12:03:29.221064336+00:00,-1100.0,418.15767042458765,-1100.0,65.0,1718.0,245.0,-491.0,354.0,192.0,-622.0,879.0,-430.0
2024-10-21 12:04:29.221064336+00:00,-99.0,1116.1544509111939,-99.0,618.0,629.0,3733.0,-1047.0,718.0,1222.0,-1855.0,2869.0,-2884.0
2024-10-21 12:05:29.221064336+00:00,233.0,-313.1407544355486,233.0,-180.0,-249.0,-1517.0,1005.0,-298.0,147.0,733.0,-1258.0,-189.0
2024-10-21 12:06:29.221064336+00:00,-3256.0,1305.5409593570002,-3256.0,830.0,56.0,2552.0,1882.0,564.0,2754.0,1605.0,-240.0,-860.0
2024-10-21 12:07:29.221064336+00:00,-1680.0,614.102740459673,-1680.0,1834.0,-152.0,1571.0,725.0,-337.0,2588.0,-1560.0,-1360.0,11.0
2024-10-21 12:08:29.221064336+00:00,-979.0,2147.1302507674673,-979.0,-6600.0,6701.0,728.0,3169.0,-499.0,905.0,2570.0,-3507.0,18.0
2024-10-21 12:09:29.221064336+00:00,1458.0,1631.3544157468223,1458.0,-6923.0,-528.0,4911.0,-870.0,7931.0,-3975.0,4169.0,-1811.0,6615.0
2024-10-21 12:10:29.221064336+00:00,13.0,492.0103048083492,13.0,-693.0,1220.0,-3809.0,3950.0,3546.0,-582.0,791.0,5802.0,2040.0
2024-10-21 12:11:29.221064336+00:00,-11.0,322.6456071395746,-11.0,117.0,-15205.0,13841.0,-3169.0,6676.0,-801.0,2822.0,693.0,5318.0
2024-10-21 12:12:29.221064336+00:00,133.0,286.30822342268107,133.0,4591.0,-11490.0,11564.0,-4441.0,4455.0,-942.0,788.0,1049.0,-998.0
2024-10-21 12:13:29.221064336+00:00,-1372.0,2196.016312691927,-1372.0,-12349.0,7749.0,783.0,3283.0,258.0,-304.0,4420.0,-3448.0,-2509.0
2024-10-21 12:14:29.221064336+00:00,-1142.0,2553.3903597275603,-1142.0,-4393.0,7926.0,76.0,4114.0,-3224.0,6668.0,8945.0,-2177.0,-5770.0
2024-10-21 12:15:29.221064336+00:00,479.0,1328.6458062074364,479.0,-537.0,-9541.0,14587.0,-5222.0,3495.0,2539.0,12571.0,-8363.0,-3702.0
2024-10-21 12:16:29.221064336+00:00,-5308.0,356.1456289311376,-5308.0,-912.0,1473.0,-1377.0,2775.0,-3018.0,4798.0,11117.0,-10904.0,-3710.0
2024-10-21 12:17:29.221064336+00:00,-1788.0,651.9410544577157,-1788.0,2861.0,566.0,-1974.0,2302.0,4627.0,-1663.0,-3285.0,-2418.0,13508.0
2024-10-21 12:18:29.221064336+00:00,-2237.0,-897.4310327598929,-2237.0,-5151.0,2326.0,-4740.0,542.0,1518.0,2330.0,-4336.0,-519.0,6247.0
2024-10-21 12:19:29.221064336+00:00,-5050.0,302.8663678517243,-5050.0,5442.0,-2257.0,1334.0,1130.0,-39.0,2514.0,-1950.0,-715.0,-1092.0
2024-10-21 12:20:29.221064336+00:00,-2545.0,358.82368856338263,-2545.0,4541.0,579.0,-911.0,1093.0,43.0,1164.0,-1060.0,-159.0,-409.0
2024-10-21 12:21:29.221064336+00:00,-200.0,1424.4483184412186,-200.0,-2355.0,2171.0,6467.0,-3452.0,-607.0,5386.0,-4362.0,-347.0,1026.0
2024-10-21 12:22:29.221064336+00:00,141.0,403.0929478981568,141.0,-1996.0,-1046.0,3107.0,-706.0,459.0,5710.0,-4055.0,-365.0,-700.0
2024-10-21 12:23:29.221064336+00:00,527.0,-527.1982143631521,527.0,1589.0,719.0,-4483.0,3489.0,-2870.0,7669.0,-3623.0,1094.0,-1003.0
2024-10-21 12:24:29.221064336+00:00,-897.0,390.2207704455782,-897.0,-2590.0,-150.0,1833.0,583.0,-789.0,6005.0,-1716.0,-2444.0,-1122.0
2024-10-21 12:25:29.221064336+00:00,-171.0,717.755810021957,-171.0,-1206.0,-1664.0,1675.0,3547.0,-512.0,2916.0,-523.0,-1830.0,1060.0
2024-10-21 12:26:29.221064336+00:00,79.0,-263.99667436709933,79.0,885.0,-1406.0,-1009.0,1799.0,-913.0,1581.0,711.0,-648.0,-245.0
2024-10-21 12:27:29.221064336+00:00,747.0,167.61191241607438,747.0,241.0,-572.0,-4828.0,9844.0,-4527.0,5575.0,-1261.0,183.0,509.0
2024-10-21 12:28:29.221064336+00:00,-586.0,-157.3402994749673,-586.0,-1211.0,1274.0,-3375.0,694.0,3811.0,179.0,-533.0,-195.0,-278.0
2024-10-21 12:29:29.221064336+00:00,-1251.0,227.7991495883981,-1251.0,843.0,-830.0,-7073.0,13501.0,-4780.0,9244.0,-3251.0,-751.0,-1252.0
2024-10-21 12:30:29.221064336+00:00,-3074.0,-362.58801758359544,-3074.0,-483.0,-5352.0,4900.0,-2387.0,1322.0,1093.0,-65.0,-722.0,924.0
2024-10-21 12:31:29.221064336+00:00,-3552.0,1748.3140978644212,-3552.0,-450.0,1611.0,5983.0,-1725.0,878.0,1831.0,-1366.0,-2312.0,-526.0
2024-10-21 12:32:29.221064336+00:00,-3677.0,1466.2812087058649,-3677.0,657.0,726.0,2693.0,2806.0,-1416.0,-23.0,4098.0,-2162.0,-930.0
2024-10-21 12:33:29.221064336+00:00,-2584.0,438.62683164629334,-2584.0,-1106.0,698.0,831.0,713.0,-548.0,-101.0,1870.0,-111.0,-1301.0
2024-10-21 12:34:29.221064336+00:00,-3093.0,1182.0466815075674,-3093.0,-347.0,1355.0,2942.0,-181.0,754.0,1733.0,-167.0,-1061.0,-247.0
2024-10-21 12:35:29.221064336+00:00,-1064.0,236.93893076562065,-1064.0,-3182.0,558.0,2766.0,-2796.0,1411.0,5451.0,-5422.0,-326.0,-401.0
2024-10-21 12:36:29.221064336+00:00,-892.0,391.1788726812181,-892.0,-3489.0,2983.0,-3216.0,2856.0,1945.0,-1655.0,-650.0,340.0,-815.0
2024-10-21 12:37:29.221064336+00:00,-179.0,1089.751035241397,-179.0,-1927.0,-1991.0,7587.0,-3433.0,2641.0,158.0,-875.0,-1449.0,132.0
2024-10-21 12:38:29.221064336+00:00,-1408.0,-142.877794580393,-1408.0,-2180.0,-1904.0,2455.0,-29.0,-1980.0,-205.0,1519.0,-1618.0,-179.0
2024-10-21 12:39:29.221064336+00:00,-3219.0,768.4962487777398,-3219.0,-182.0,689.0,2481.0,-797.0,958.0,-670.0,714.0,168.0,-1368.0
2024-10-21 12:40:29.221064336+00:00,-1578.0,1183.7217822121806,-1578.0,1554.0,-938.0,4237.0,512.0,-218.0,539.0,1454.0,-510.0,1144.0
2024-10-21 12:41:29.221064336+00:00,227.0,516.4498075691052,227.0,-899.0,2689.0,-1621.0,1824.0,-272.0,838.0,-809.0,259.0,19.0
2024-10-21 12:42:29.221064336+00:00,-4872.0,701.6979088645606,-4872.0,677.0,-688.0,2306.0,858.0,221.0,2422.0,-163.0,-870.0,932.0
2024-10-21 12:43:29.221064336+00:00,-395.0,386.50841699446033,-395.0,-4229.0,218.0,-1814.0,4331.0,1563.0,614.0,-793.0,2365.0,-1718.0
2024-10-21 12:44:29.221064336+00:00,-2675.0,516.3994200668174,-2675.0,-2391.0,219.0,158.0,994.0,3071.0,167.0,1128.0,524.0,445.0
2024-10-21 12:45:29.221064336+00:00,-889.0,2174.286766644753,-889.0,-3936.0,2143.0,3950.0,2786.0,926.0,2672.0,460.0,-911.0,-267.0
2024-10-21 12:46:29.221064336+00:00,-20.0,205.28712260687308,-20.0,-568.0,1646.0,-817.0,886.0,-971.0,653.0,-850.0,-772.0,-513.0
2024-10-21 12:47:29.221064336+00:00,-2328.0,282.5068296671417,-2328.0,-1549.0,-1627.0,2285.0,-304.0,1958.0,1459.0,-1280.0,1556.0,-12.0
2024-10-21 12:48:29.221064336+00:00,-924.0,1239.3661594436157,-924.0,-247.0,1972.0,2916.0,-567.0,334.0,-1083.0,1992.0,-1906.0,1850.0
2024-10-21 12:49:29.221064336+00:00,-143.0,1725.5867541244418,-143.0,-10239.0,11325.0,-5621.0,2820.0,4480.0,2039.0,-1284.0,-7.0,1669.0
2024-10-21 12:50:29.221064336+00:00,235.0,-172.20117442091862,235.0,-5197.0,-4404.0,5955.0,-6688.0,7753.0,3477.0,587.0,1937.0,-216.0
2024-10-21 12:51:29.221064336+00:00,-140.0,-143.89454465572183,-140.0,760.0,-11404.0,14881.0,-11789.0,7740.0,5655.0,-2642.0,2726.0,-1231.0
2024-10-21 12:52:29.221064336+00:00,-26.0,384.65566772360773,-26.0,-1893.0,-3598.0,7807.0,-6818.0,5126.0,5341.0,-2127.0,745.0,-1375.0
2024-10-21 12:53:29.221064336+00:00,-1213.0,-586.010428011382,-1213.0,-262.0,-1239.0,-759.0,-1539.0,2254.0,1584.0,331.0,1385.0,1166.0
2024-10-21 12:54:29.221064336+00:00,162.0,-671.0145202202697,162.0,-370.0,-2338.0,1034.0,-2814.0,1896.0,354.0,281.0,2032.0,-727.0
2024-10-21 12:55:29.221064336+00:00,-2245.0,-1456.7458735936343,-2245.0,783.0,-4288.0,977.0,-3264.0,-205.0,3373.0,-646.0,1445.0,-976.0
2024-10-21 12:56:29.221064336+00:00,71.0,-610.3395749136488,71.0,969.0,-3984.0,3264.0,-4390.0,2598.0,521.0,992.0,909.0,-946.0
2024-10-21 12:57:29.221064336+00:00,124.0,-799.3367729356413,124.0,160.0,-3989.0,3618.0,-4923.0,1744.0,1945.0,-1095.0,1034.0,-1116.0
2024-10-21 12:58:29.221064336+00:00,-14.0,-197.6450413335293,-14.0,737.0,-1031.0,-242.0,-151.0,2.0,939.0,3765.0,75.0,2472.0
2024-10-21 12:59:29.221064336+00:00,-21.0,-195.57148934821947,-21.0,131.0,-286.0,-102.0,-1347.0,1803.0,-1160.0,355.0,-576.0,-1314.0
2024-10-21 13:00:29.221064336+00:00,-249.0,-276.58086892644286,-249.0,180.0,1971.0,-3901.0,1781.0,-364.0,1517.0,-1105.0,-169.0,725.0
2024-10-21 13:01:29.221064336+00:00,-1335.0,-1003.2966984336972,-1335.0,903.0,-6429.0,4182.0,-3300.0,531.0,503.0,1196.0,-1851.0,828.0
2024-10-21 13:02:29.221064336+00:00,-5274.0,-1604.672602647278,-5274.0,-6812.0,-2534.0,-2608.0,2284.0,-1652.0,18.0,-1156.0,1088.0,398.0
2024-10-21 13:03:29.221064336+00:00,-1238.0,431.2093550724907,-1238.0,-2878.0,-1041.0,1734.0,1380.0,368.0,1293.0,213.0,2496.0,1272.0
